{
    "loss": 10.429529190063477,
    "accuracy": 0.6274510025978088
}