{
    "loss": 0.9606020450592041,
    "accuracy": 0.843137264251709
}