{
    "loss": 0.6214240789413452,
    "accuracy": 0.8039215803146362
}